Name,Email Address,Title,Phone Number,Location
John Smith,john.smith@example.com,Senior Analyst,555-123-4567,"New York, NY"
Jane Doe,jane.doe@example.com,Marketing Manager,555-987-6543,"Los Angeles, CA"
Michael Johnson,michael.j@example.com,Software Developer,555-654-7890,"Austin, TX"
Emily Davis,emily.d@example.com,HR Specialist,555-432-109,
Name,Email Address,Title,Phone Number,Location
John Smith,john.smith@example.com,Senior Analyst,555-123-4567,"New York, NY"
Jane Doe,jane.doe@example.com,Marketing Manager,555-987-6543,"Los Angeles, CA"
Michael Johnson,michael.j@example.com,Software Developer,555-654-7890,"Austin, TX"
Emily Davis,emily.d@example.com,HR Specialist,555-432-109,
Name,Email Address,Title,Phone Number,Location
John Smith,john.smith@example.com,Senior Analyst,555-123-4567,"New York, NY"
Jane Doe,jane.doe@example.com,Marketing Manager,555-987-6543,"Los Angeles, CA"
Michael Johnson,michael.j@example.com,Software Developer,555-654-7890,"Austin, TX"
Emily Davis,emily.d@example.com,HR Specialist,555-432-109,
